   value,recursion,recursionAdaptive_40,recursionAdaptive_60,recursionAdaptive_80,recursionAdaptive_100
  number,  number,  number,  number,  number,  number
       0,   0.000,   0.000,   0.000,   0.000,   0.000
       1,   0.000,   0.000,   0.000,   0.000,   0.000
       2,   0.000,   0.000,   0.000,   0.000,   0.000
       3,   0.000,   0.000,   0.000,   0.000,   0.000
       4,   0.000,   0.000,   0.000,   0.000,   0.000
       5,   0.000,   0.000,   0.000,   0.000,   0.000
       6,   0.000,   0.000,   0.000,   0.000,   0.000
       7,   0.000,   0.000,   0.000,   0.000,   0.000
       8,   0.000,   0.000,   0.000,   0.000,   0.000
       9,   0.000,   0.000,   0.000,   0.000,   0.000
      10,   0.000,   0.000,   0.000,   0.000,   0.000
      11,   0.000,   0.000,   0.000,   0.000,   0.000
      12,   0.000,   0.000,   0.000,   0.000,   0.000
      13,   0.000,   0.000,   0.000,   0.000,   0.000
      14,   0.000,   0.000,   0.000,   0.000,   0.000
      15,   0.000,   0.000,   0.000,   0.000,   0.000
      16,   0.000,   0.000,   0.000,   0.000,   0.000
      17,   0.000,   0.000,   0.000,   0.000,   0.000
      18,   0.000,   0.000,   0.000,   0.000,   0.000
      19,   0.000,   0.000,   0.000,   0.000,   0.000
      20,   0.000,   0.000,   0.000,   0.000,   0.000
      21,   0.100,   0.100,   0.100,   0.100,   0.100
      22,   0.100,   0.100,   0.100,   0.100,   0.100
      23,   0.100,   0.100,   0.100,   0.100,   0.100
      24,   0.100,   0.100,   0.100,   0.100,   0.100
      25,   0.100,   0.100,   0.100,   0.100,   0.100
      26,   0.100,   0.100,   0.100,   0.100,   0.100
      27,   0.100,   0.100,   0.100,   0.100,   0.100
      28,   0.100,   0.100,   0.100,   0.100,   0.100
      29,   0.100,   0.100,   0.100,   0.100,   0.100
      30,   0.100,   0.100,   0.100,   0.100,   0.100
      31,   0.100,   0.100,   0.100,   0.100,   0.100
      32,   0.100,   0.100,   0.100,   0.100,   0.100
      33,   0.100,   0.100,   0.100,   0.100,   0.100
      34,   0.100,   0.100,   0.100,   0.100,   0.100
      35,   0.100,   0.100,   0.100,   0.100,   0.100
      36,   0.100,   0.100,   0.100,   0.100,   0.100
      37,   0.100,   0.100,   0.100,   0.100,   0.100
      38,   0.100,   0.100,   0.100,   0.100,   0.100
      39,   0.100,   0.100,   0.100,   0.100,   0.100
      40,   0.101,   0.100,   0.100,   0.100,   0.100
      41,   0.100,   0.100,   0.100,   0.100,   0.100
      42,   0.100,   0.100,   0.100,   0.100,   0.100
      43,   0.100,   0.100,   0.100,   0.100,   0.100
      44,   0.100,   0.100,   0.100,   0.100,   0.100
      45,   0.200,   0.200,   0.200,   0.200,   0.200
      46,   0.200,   0.200,   0.200,   0.200,   0.200
      47,   0.177,   0.189,   0.176,   0.185,   0.191
      48,   0.173,   0.165,   0.179,   0.172,   0.180
      49,   0.191,   0.184,   0.191,   0.179,   0.193
      50,   0.200,   0.200,   0.200,   0.200,   0.200
      51,   0.200,   0.200,   0.200,   0.200,   0.200
      52,   0.200,   0.200,   0.200,   0.200,   0.200
      53,   0.200,   0.200,   0.200,   0.200,   0.200
      54,   0.200,   0.200,   0.200,   0.200,   0.200
      55,   0.200,   0.200,   0.200,   0.200,   0.200
      56,   0.300,   0.281,   0.260,   0.275,   0.283
      57,   0.238,   0.230,   0.215,   0.215,   0.227
      58,   0.200,   0.200,   0.200,   0.200,   0.200
      59,   0.200,   0.200,   0.200,   0.200,   0.200
      60,   0.200,   0.200,   0.218,   0.200,   0.200
      61,   0.300,   0.300,   0.300,   0.300,   0.300
      62,   0.300,   0.300,   0.300,   0.300,   0.300
      63,   0.285,   0.265,   0.260,   0.253,   0.270
      64,   0.300,   0.300,   0.300,   0.300,   0.300
      65,   0.300,   0.300,   0.300,   0.300,   0.300
      66,   0.400,   0.300,   0.300,   0.300,   0.300
      67,   0.400,   0.300,   0.300,   0.300,   0.300
      68,   0.400,   0.300,   0.300,   0.300,   0.300
      69,   0.400,   0.300,   0.300,   0.300,   0.300
      70,   0.400,   0.300,   0.300,   0.300,   0.300
      71,   0.400,   0.300,   0.300,   0.300,   0.300
      72,   0.400,   0.300,   0.300,   0.300,   0.300
      73,   0.400,   0.300,   0.300,   0.300,   0.300
      74,   0.400,   0.300,   0.300,   0.300,   0.300
      75,   0.400,   0.392,   0.395,   0.400,   0.392
      76,   0.400,   0.342,   0.334,   0.335,   0.336
      77,   0.400,   0.324,   0.338,   0.336,   0.345
      78,   0.400,   0.349,   0.339,   0.342,   0.339
      79,   0.400,   0.300,   0.300,   0.312,   0.300
      80,   0.400,   0.400,   0.400,   0.400,   0.400
      81,   0.418,   0.400,   0.400,   0.400,   0.400
      82,   0.500,   0.400,   0.400,   0.400,   0.400
      83,   0.500,   0.400,   0.400,   0.400,   0.400
      84,   0.500,   0.407,   0.400,   0.400,   0.400
      85,   0.500,   0.400,   0.400,   0.400,   0.400
      86,   0.500,   0.400,   0.400,   0.400,   0.400
      87,   0.500,   0.400,   0.400,   0.400,   0.400
      88,   0.500,   0.490,   0.492,   0.497,   0.495
      89,   0.500,   0.415,   0.428,   0.422,   0.425
      90,   0.500,   0.440,   0.432,   0.427,   0.427
      91,   0.500,   0.438,   0.427,   0.415,   0.440
      92,   0.500,   0.430,   0.432,   0.443,   0.420
      93,   0.500,   0.500,   0.500,   0.500,   0.500
      94,   0.500,   0.500,   0.500,   0.500,   0.500
      95,   0.501,   0.500,   0.500,   0.500,   0.500
      96,   0.500,   0.500,   0.500,   0.500,   0.500
      97,   0.500,   0.500,   0.500,   0.500,   0.500
      98,   0.600,   0.500,   0.500,   0.500,   0.500
      99,   0.600,   0.500,   0.500,   0.500,   0.500
     100,   0.600,   0.500,   0.500,   0.500,   0.500
     101,   0.600,   0.500,   0.500,   0.500,   0.500
     102,   0.600,   0.600,   0.600,   0.600,   0.600
     103,   0.600,   0.568,   0.568,   0.563,   0.553
     104,   0.642,   0.590,   0.577,   0.570,   0.579
     105,   0.600,   0.572,   0.578,   0.577,   0.569
     106,   0.600,   0.600,   0.600,   0.600,   0.600
     107,   0.608,   0.600,   0.600,   0.600,   0.600
     108,   0.600,   0.600,   0.600,   0.600,   0.600
     109,   0.600,   0.600,   0.600,   0.600,   0.600
     110,   0.600,   0.600,   0.600,   0.600,   0.600
     111,   0.700,   0.700,   0.700,   0.700,   0.700
     112,   0.700,   0.700,   0.700,   0.700,   0.700
     113,   0.700,   0.694,   0.675,   0.681,   0.689
     114,   0.700,   0.695,   0.700,   0.682,   0.680
     115,   0.701,   0.700,   0.700,   0.700,   0.700
     116,   0.700,   0.700,   0.700,   0.700,   0.700
     117,   0.700,   0.700,   0.700,   0.700,   0.700
     118,   0.700,   0.700,   0.700,   0.700,   0.700
     119,   0.700,   0.700,   0.700,   0.700,   0.700
     120,   0.791,   0.749,   0.711,   0.717,   0.710
     121,   0.800,   0.704,   0.700,   0.710,   0.700
     122,   0.775,   0.702,   0.700,   0.700,   0.700
     123,   0.792,   0.700,   0.700,   0.700,   0.700
     124,   0.769,   0.800,   0.800,   0.800,   0.800
     125,   0.800,   0.800,   0.800,   0.793,   0.800
     126,   0.774,   0.795,   0.800,   0.800,   0.800
     127,   0.800,   0.775,   0.766,   0.778,   0.766
     128,   0.888,   0.900,   0.900,   0.900,   0.900
     129,   0.900,   0.820,   0.801,   0.802,   0.800
     130,   0.886,   0.900,   0.900,   0.900,   0.900
     131,   0.900,   0.895,   0.900,   0.900,   0.891
     132,   1.004,   0.900,   0.900,   0.900,   0.898
     133,   1.000,   0.900,   0.899,   0.900,   0.898
     134,   1.007,   0.900,   0.900,   0.900,   0.900
     135,   1.021,   0.900,   0.900,   0.900,   0.900
     136,   1.038,   0.900,   0.900,   0.900,   0.900
     137,   1.023,   0.900,   0.900,   0.900,   0.900
     138,   1.100,   0.964,   0.958,   0.973,   0.955
     139,   1.100,   0.941,   0.938,   0.941,   0.934
     140,   1.100,   0.922,   0.925,   0.941,   0.917
     141,   1.100,   0.905,   0.916,   0.918,   0.905
     142,   1.100,   1.016,   1.024,   1.036,   1.012
     143,   1.100,   1.014,   1.005,   1.000,   1.000
     144,   1.100,   1.004,   1.008,   1.000,   1.000
     145,   1.100,   1.000,   1.000,   1.000,   1.000
     146,   1.100,   1.100,   1.100,   1.100,   1.097
     147,   1.123,   1.100,   1.094,   1.082,   1.097
     148,   1.137,   1.094,   1.100,   1.092,   1.096
     149,   1.111,   1.084,   1.076,   1.072,   1.067
     150,   1.200,   1.114,   1.100,   1.100,   1.100
     151,   1.131,   1.100,   1.100,   1.100,   1.100
     152,   1.200,   1.100,   1.100,   1.100,   1.100
     153,   1.176,   1.100,   1.100,   1.100,   1.100
     154,   1.200,   1.100,   1.100,   1.100,   1.100
     155,   1.200,   1.100,   1.100,   1.100,   1.100
     156,   1.178,   1.100,   1.100,   1.100,   1.100
     157,   1.230,   1.113,   1.100,   1.100,   1.100
     158,   1.200,   1.100,   1.100,   1.100,   1.100
     159,   1.200,   1.119,   1.105,   1.101,   1.100
     160,   1.215,   1.142,   1.136,   1.123,   1.124
     161,   1.204,   1.131,   1.116,   1.100,   1.100
     162,   1.210,   1.165,   1.157,   1.152,   1.142
     163,   1.300,   1.150,   1.133,   1.148,   1.139
     164,   1.303,   1.142,   1.146,   1.149,   1.121
     165,   1.300,   1.161,   1.131,   1.146,   1.151
     166,   1.300,   1.145,   1.131,   1.143,   1.133
     167,   1.316,   1.287,   1.271,   1.281,   1.290
     168,   1.300,   1.219,   1.200,   1.200,   1.201
     169,   1.300,   1.201,   1.206,   1.200,   1.201
     170,   1.305,   1.300,   1.300,   1.300,   1.300
     171,   1.308,   1.300,   1.300,   1.300,   1.300
     172,   1.300,   1.300,   1.300,   1.300,   1.300
     173,   1.300,   1.300,   1.300,   1.300,   1.300
     174,   1.400,   1.300,   1.300,   1.300,   1.300
     175,   1.400,   1.300,   1.300,   1.300,   1.300
     176,   1.400,   1.300,   1.307,   1.300,   1.300
     177,   1.500,   1.323,   1.328,   1.323,   1.321
     178,   1.484,   1.300,   1.307,   1.300,   1.300
     179,   1.462,   1.303,   1.313,   1.307,   1.300
     180,   1.500,   1.300,   1.309,   1.300,   1.300
     181,   1.500,   1.300,   1.305,   1.302,   1.301
     182,   1.500,   1.342,   1.359,   1.353,   1.349
     183,   1.500,   1.311,   1.300,   1.304,   1.329
     184,   1.500,   1.400,   1.400,   1.400,   1.400
     185,   1.500,   1.477,   1.500,   1.484,   1.486
     186,   1.500,   1.460,   1.458,   1.454,   1.465
     187,   1.500,   1.500,   1.500,   1.500,   1.500
     188,   1.500,   1.464,   1.447,   1.466,   1.438
     189,   1.532,   1.500,   1.500,   1.500,   1.500
     190,   1.504,   1.500,   1.500,   1.500,   1.500
     191,   1.511,   1.500,   1.500,   1.500,   1.500
     192,   1.515,   1.500,   1.500,   1.500,   1.500
     193,   1.502,   1.502,   1.500,   1.500,   1.500
     194,   1.500,   1.500,   1.500,   1.500,   1.500
     195,   1.572,   1.500,   1.500,   1.500,   1.500
     196,   1.600,   1.500,   1.500,   1.505,   1.500
     197,   1.700,   1.537,   1.530,   1.534,   1.529
     198,   1.628,   1.600,   1.600,   1.600,   1.600
     199,   1.655,   1.600,   1.600,   1.600,   1.600
     200,   1.648,   1.600,   1.600,   1.600,   1.600
     201,   1.610,   1.600,   1.600,   1.600,   1.600
     202,   1.702,   1.600,   1.600,   1.600,   1.600
     203,   1.700,   1.625,   1.610,   1.611,   1.611
     204,   1.716,   1.616,   1.619,   1.638,   1.628
     205,   1.706,   1.609,   1.616,   1.622,   1.603
     206,   1.685,   1.691,   1.677,   1.688,   1.683
     207,   1.741,   1.704,   1.700,   1.700,   1.700
     208,   1.721,   1.645,   1.633,   1.652,   1.639
     209,   1.710,   1.632,   1.650,   1.646,   1.617
     210,   1.713,   1.629,   1.640,   1.647,   1.634
     211,   1.705,   1.709,   1.700,   1.700,   1.700
     212,   1.800,   1.800,   1.800,   1.800,   1.800
     213,   1.788,   1.800,   1.800,   1.800,   1.800
     214,   1.800,   1.787,   1.799,   1.800,   1.800
     215,   1.803,   1.800,   1.800,   1.800,   1.800
     216,   1.800,   1.800,   1.800,   1.800,   1.800
     217,   1.800,   1.800,   1.800,   1.800,   1.800
     218,   1.800,   1.800,   1.800,   1.800,   1.800
     219,   1.800,   1.800,   1.800,   1.800,   1.800
     220,   1.803,   1.819,   1.812,   1.810,   1.817
     221,   1.842,   1.901,   1.900,   1.900,   1.900
     222,   1.825,   1.878,   1.879,   1.874,   1.881
     223,   1.870,   1.875,   1.888,   1.877,   1.875
     224,   1.845,   1.869,   1.878,   1.886,   1.872
     225,   1.867,   1.913,   1.915,   1.913,   1.917
     226,   1.904,   1.975,   1.977,   1.953,   1.967
     227,   1.945,   1.926,   1.927,   1.926,   1.926
     228,   2.000,   1.922,   1.924,   1.927,   1.913
     229,   2.003,   2.000,   2.000,   2.000,   2.000
     230,   2.000,   2.000,   2.000,   2.000,   2.000
     231,   2.000,   2.000,   2.000,   2.000,   2.000
     232,   2.000,   2.000,   2.000,   2.000,   2.000
     233,   2.000,   2.000,   2.000,   2.000,   2.000
     234,   2.000,   2.004,   2.009,   2.003,   2.004
     235,   2.008,   2.100,   2.106,   2.100,   2.100
     236,   2.050,   2.028,   2.016,   2.027,   2.017
     237,   2.026,   2.075,   2.078,   2.065,   2.071
     238,   2.013,   2.031,   2.039,   2.024,   2.043
     239,   2.116,   2.120,   2.120,   2.107,   2.120
     240,   2.156,   2.203,   2.216,   2.203,   2.208
     241,   2.167,   2.202,   2.207,   2.200,   2.200
     242,   2.200,   2.200,   2.200,   2.200,   2.200
     243,   2.200,   2.207,   2.205,   2.205,   2.205
     244,   2.181,   2.200,   2.200,   2.200,   2.200
     245,   2.184,   2.200,   2.200,   2.202,   2.200
     246,   2.200,   2.200,   2.200,   2.200,   2.200
     247,   2.188,   2.318,   2.303,   2.302,   2.310
     248,   2.200,   2.265,   2.274,   2.250,   2.268
     249,   2.200,   2.253,   2.248,   2.247,   2.241
     250,   2.211,   2.237,   2.230,   2.229,   2.252
     251,   2.205,   2.230,   2.230,   2.240,   2.242
     252,   2.200,   2.327,   2.340,   2.346,   2.339
     253,   2.230,   2.360,   2.369,   2.375,   2.364
     254,   2.206,   2.317,   2.328,   2.329,   2.316
     255,   2.295,   2.430,   2.419,   2.416,   2.421
     256,   2.400,   2.525,   2.517,   2.515,   2.506
     257,   2.393,   2.431,   2.418,   2.421,   2.410
     258,   2.402,   2.415,   2.416,   2.411,   2.427
     259,   2.400,   2.472,   2.464,   2.467,   2.461
     260,   2.400,   2.572,   2.554,   2.566,   2.564
     261,   2.507,   2.595,   2.600,   2.583,   2.601
     262,   2.521,   2.566,   2.554,   2.556,   2.551
     263,   2.600,   2.564,   2.539,   2.536,   2.535
     264,   2.722,   2.589,   2.545,   2.535,   2.541
     265,   2.707,   2.558,   2.535,   2.548,   2.530
     266,   2.733,   2.603,   2.607,   2.600,   2.600
     267,   2.718,   2.647,   2.661,   2.659,   2.636
     268,   2.698,   2.635,   2.651,   2.641,   2.623
     269,   2.727,   2.713,   2.723,   2.715,   2.690
     270,   2.768,   2.666,   2.657,   2.679,   2.686
     271,   2.804,   2.724,   2.722,   2.720,   2.717
     272,   2.797,   2.800,   2.798,   2.800,   2.800
     273,   2.800,   2.800,   2.802,   2.800,   2.800
     274,   2.753,   2.764,   2.775,   2.759,   2.762
     275,   2.830,   2.812,   2.822,   2.816,   2.815
     276,   2.841,   2.821,   2.819,   2.818,   2.814
     277,   2.814,   2.806,   2.815,   2.817,   2.809
     278,   2.820,   2.823,   2.833,   2.845,   2.831
     279,   2.814,   2.815,   2.829,   2.841,   2.835
     280,   2.809,   2.815,   2.823,   2.826,   2.819
     281,   2.815,   2.823,   2.821,   2.831,   2.832
     282,   2.846,   2.817,   2.819,   2.824,   2.821
     283,   2.815,   2.918,   2.927,   2.915,   2.925
     284,   2.846,   2.924,   2.932,   2.938,   2.923
     285,   2.839,   3.041,   3.025,   3.028,   3.024
     286,   2.831,   3.003,   3.000,   3.007,   3.000
     287,   2.830,   3.026,   3.014,   3.019,   3.010
     288,   2.912,   3.007,   3.004,   3.008,   3.000
     289,   2.949,   3.032,   3.029,   3.044,   3.025
     290,   3.001,   3.078,   3.083,   3.103,   3.050
     291,   3.011,   3.136,   3.127,   3.144,   3.120
     292,   3.117,   3.116,   3.121,   3.123,   3.106
     293,   3.122,   3.129,   3.129,   3.125,   3.127
     294,   3.072,   3.117,   3.120,   3.120,   3.113
     295,   3.120,   3.114,   3.123,   3.117,   3.121
     296,   3.112,   3.127,   3.128,   3.112,   3.108
     297,   3.116,   3.120,   3.119,   3.089,   3.105
     298,   3.125,   3.214,   3.212,   3.216,   3.206
     299,   3.183,   3.269,   3.275,   3.266,   3.254
     300,   3.150,   3.221,   3.232,   3.250,   3.231
     301,   3.132,   3.223,   3.230,   3.239,   3.220
     302,   3.124,   3.102,   3.066,   3.030,   3.033
     303,   3.136,   3.006,   3.002,   2.981,   3.001
     304,   3.155,   3.009,   3.022,   2.990,   3.002
     305,   3.119,   3.010,   3.015,   3.009,   3.005
     306,   3.159,   3.022,   3.043,   3.005,   3.020
     307,   3.225,   3.134,   3.156,   3.124,   3.115
     308,   3.216,   3.141,   3.145,   3.107,   3.114
     309,   3.218,   3.123,   3.130,   3.085,   3.089
     310,   3.213,   3.125,   3.119,   3.085,   3.103
     311,   3.217,   3.128,   3.125,   3.097,   3.082
     312,   3.290,   3.209,   3.204,   3.213,   3.208
     313,   3.285,   3.212,   3.212,   3.210,   3.204
     314,   3.271,   3.194,   3.176,   3.200,   3.175
     315,   3.321,   3.226,   3.211,   3.212,   3.206
     316,   3.321,   3.232,   3.229,   3.221,   3.209
     317,   3.322,   3.223,   3.216,   3.238,   3.217
     318,   3.380,   3.314,   3.306,   3.312,   3.303
     319,   3.332,   3.307,   3.304,   3.285,   3.238
     320,   3.348,   3.271,   3.264,   3.240,   3.229
     321,   3.334,   3.253,   3.254,   3.240,   3.224
     322,   3.398,   3.264,   3.258,   3.241,   3.265
     323,   3.514,   3.414,   3.382,   3.332,   3.320
     324,   3.480,   3.424,   3.317,   3.423,   3.341
     325,   3.539,   3.414,   3.391,   3.413,   3.344
     326,   3.521,   3.393,   3.327,   3.338,   3.335
     327,   3.568,   3.411,   3.356,   3.363,   3.334
     328,   3.522,   3.474,   3.331,   3.348,   3.318
     329,   3.538,   3.447,   3.343,   3.329,   3.321
     330,   3.522,   3.518,   3.399,   3.394,   3.376
     331,   3.518,   3.510,   3.369,   3.403,   3.419
     332,   3.529,   3.509,   3.397,   3.419,   3.398
     333,   3.607,   3.592,   3.516,   3.517,   3.512
     334,   3.627,   3.565,   3.508,   3.512,   3.507
     335,   3.617,   3.558,   3.524,   3.528,   3.513
     336,   3.549,   3.525,   3.478,   3.451,   3.473
     337,   3.552,   3.531,   3.473,   3.483,   3.448
     338,   3.635,   3.573,   3.514,   3.508,   3.513
     339,   3.624,   3.655,   3.526,   3.543,   3.526
     340,   3.655,   3.721,   3.611,   3.601,   3.620
     341,   3.783,   3.833,   3.726,   3.735,   3.736
     342,   3.721,   3.742,   3.680,   3.691,   3.693
     343,   3.722,   3.818,   3.721,   3.726,   3.711
     344,   3.838,   3.901,   3.827,   3.820,   3.720
     345,   3.827,   3.851,   3.751,   3.748,   3.707
     346,   3.838,   3.896,   3.830,   3.851,   3.759
     347,   3.874,   3.845,   3.767,   3.790,   3.713
     348,   3.870,   3.921,   3.752,   3.766,   3.715
     349,   3.923,   3.937,   3.828,   3.826,   3.770
     350,   3.892,   3.925,   3.754,   3.791,   3.750
     351,   3.848,   3.922,   3.790,   3.801,   3.781
     352,   3.910,   4.016,   3.832,   3.843,   3.878
     353,   3.982,   4.024,   3.857,   3.858,   3.878
     354,   3.952,   4.075,   3.922,   3.925,   3.910
     355,   3.925,   4.053,   3.907,   3.920,   3.914
     356,   3.976,   4.069,   3.929,   3.925,   3.918
     357,   3.967,   4.061,   3.926,   3.945,   3.927
     358,   3.977,   4.064,   3.922,   3.943,   3.912
     359,   4.026,   4.119,   3.959,   3.941,   3.956
     360,   4.021,   4.126,   3.934,   3.931,   3.936
     361,   4.027,   4.123,   3.923,   3.926,   3.932
     362,   4.078,   4.141,   3.956,   3.945,   3.953
     363,   4.086,   4.135,   3.961,   3.978,   3.976
     364,   4.119,   4.140,   3.969,   4.005,   3.936
     365,   4.102,   4.193,   4.111,   4.076,   4.023
     366,   4.136,   4.232,   4.051,   4.049,   4.019
     367,   4.112,   4.269,   4.152,   4.132,   4.120
     368,   4.122,   4.244,   4.130,   4.162,   4.119
     369,   4.148,   4.333,   4.197,   4.197,   4.156
     370,   4.118,   4.276,   4.162,   4.158,   4.137
     371,   4.131,   4.275,   4.167,   4.161,   4.145
     372,   4.220,   4.363,   4.254,   4.291,   4.229
     373,   4.196,   4.336,   4.239,   4.268,   4.228
     374,   4.201,   4.317,   4.232,   4.222,   4.212
     375,   4.237,   4.392,   4.287,   4.307,   4.278
     376,   4.209,   4.343,   4.263,   4.274,   4.236
     377,   4.310,   4.365,   4.315,   4.322,   4.304
     378,   4.306,   4.431,   4.333,   4.334,   4.317
     379,   4.341,   4.546,   4.421,   4.447,   4.407
     380,   4.315,   4.524,   4.355,   4.386,   4.444
     381,   4.354,   4.533,   4.430,   4.438,   4.446
     382,   4.360,   4.496,   4.349,   4.346,   4.392
     383,   4.346,   4.519,   4.379,   4.383,   4.450
     384,   4.379,   4.532,   4.403,   4.404,   4.436
     385,   4.339,   4.535,   4.423,   4.426,   4.444
     386,   4.378,   4.589,   4.476,   4.453,   4.517
     387,   4.351,   4.579,   4.439,   4.431,   4.460
     388,   4.349,   4.599,   4.442,   4.443,   4.468
     389,   4.467,   4.638,   4.509,   4.510,   4.541
     390,   4.439,   4.595,   4.474,   4.455,   4.514
     391,   4.523,   4.622,   4.503,   4.496,   4.500
     392,   4.530,   4.684,   4.533,   4.554,   4.529
     393,   4.707,   4.762,   4.613,   4.620,   4.635
     394,   4.644,   4.727,   4.553,   4.552,   4.586
     395,   4.631,   4.778,   4.634,   4.662,   4.680
     396,   4.717,   4.843,   4.720,   4.731,   4.738
     397,   4.670,   4.817,   4.717,   4.724,   4.749
     398,   4.709,   4.839,   4.741,   4.738,   4.799
     399,   4.702,   5.035,   4.723,   4.739,   4.827
     400,   4.746,   4.948,   4.730,   4.735,   4.765
     401,   4.743,   4.939,   4.724,   4.734,   4.754
     402,   4.741,   4.934,   4.728,   4.719,   4.735
     403,   4.793,   4.925,   4.699,   4.702,   4.720
     404,   4.780,   4.891,   4.729,   4.713,   4.742
     405,   4.762,   4.970,   4.742,   4.751,   4.734
     406,   4.831,   4.986,   4.792,   4.778,   4.783
     407,   4.826,   4.987,   4.784,   4.773,   4.794
     408,   4.829,   4.996,   4.814,   4.765,   4.800
     409,   4.965,   5.065,   4.927,   4.901,   4.904
     410,   4.859,   5.071,   4.851,   4.869,   4.848
     411,   4.879,   5.074,   4.907,   4.890,   4.883
     412,   4.881,   5.141,   4.937,   4.935,   4.916
     413,   4.941,   5.154,   4.960,   4.949,   4.934
     414,   4.936,   5.143,   4.940,   4.934,   4.936
     415,   4.947,   5.098,   4.876,   4.880,   4.877
     416,   4.911,   5.160,   4.882,   4.880,   4.855
     417,   4.937,   5.153,   4.912,   4.919,   4.915
     418,   5.006,   5.149,   5.018,   5.004,   4.999
     419,   4.993,   5.157,   4.976,   4.973,   4.975
     420,   5.032,   5.152,   4.992,   5.027,   5.003
     421,   5.018,   5.171,   5.055,   5.051,   5.051
     422,   5.051,   5.165,   5.067,   5.071,   5.068
     423,   5.117,   5.244,   5.169,   5.167,   5.169
     424,   5.148,   5.285,   5.199,   5.193,   5.210
     425,   5.182,   5.355,   5.261,   5.248,   5.254
     426,   5.170,   5.291,   5.255,   5.226,   5.237
     427,   5.183,   5.257,   5.255,   5.215,   5.215
     428,   5.236,   5.291,   5.240,   5.233,   5.227
     429,   5.232,   5.296,   5.261,   5.258,   5.244
     430,   5.225,   5.323,   5.277,   5.258,   5.246
     431,   5.193,   5.269,   5.239,   5.237,   5.216
     432,   5.251,   5.343,   5.272,   5.273,   5.259
     433,   5.244,   5.317,   5.257,   5.242,   5.247
     434,   5.170,   5.272,   5.233,   5.220,   5.227
     435,   5.224,   5.297,   5.239,   5.226,   5.223
     436,   5.263,   5.310,   5.259,   5.247,   5.230
     437,   5.206,   5.331,   5.254,   5.249,   5.245
     438,   5.230,   5.353,   5.259,   5.296,   5.255
     439,   5.245,   5.416,   5.268,   5.297,   5.267
     440,   5.216,   5.359,   5.248,   5.275,   5.261
     441,   5.218,   5.448,   5.304,   5.336,   5.293
     442,   5.302,   5.469,   5.373,   5.388,   5.374
     443,   5.386,   5.568,   5.458,   5.438,   5.456
     444,   5.346,   5.501,   5.449,   5.427,   5.428
     445,   5.370,   5.504,   5.425,   5.435,   5.435
     446,   5.428,   5.573,   5.483,   5.485,   5.463
     447,   5.376,   5.537,   5.450,   5.444,   5.442
     448,   5.443,   5.659,   5.563,   5.553,   5.536
     449,   5.441,   5.660,   5.570,   5.573,   5.550
     450,   5.501,   5.652,   5.584,   5.561,   5.573
     451,   5.596,   5.753,   5.688,   5.650,   5.652
     452,   5.617,   5.746,   5.666,   5.659,   5.683
     453,   5.620,   5.746,   5.631,   5.640,   5.632
     454,   5.702,   5.818,   5.690,   5.747,   5.710
     455,   5.763,   5.846,   5.704,   5.717,   5.685
     456,   5.770,   5.849,   5.692,   5.725,   5.714
     457,   5.789,   5.867,   5.764,   5.770,   5.774
     458,   5.788,   5.958,   5.818,   5.760,   5.779
     459,   5.864,   6.065,   5.850,   5.844,   5.842
     460,   5.870,   6.069,   5.846,   5.843,   5.850
     461,   5.853,   6.090,   5.869,   5.862,   5.873
     462,   5.860,   6.065,   5.867,   5.850,   5.830
     463,   5.861,   6.061,   5.860,   5.866,   5.839
     464,   5.883,   6.107,   5.880,   5.846,   5.847
     465,   5.851,   6.095,   5.850,   5.842,   5.842
     466,   5.878,   6.090,   5.856,   5.834,   5.849
     467,   5.856,   6.160,   5.877,   5.857,   5.870
     468,   5.832,   6.094,   5.852,   5.866,   5.887
     469,   5.828,   6.226,   5.884,   5.890,   5.888
     470,   5.908,   6.207,   5.904,   5.935,   5.912
     471,   5.879,   6.190,   5.872,   5.885,   5.878
     472,   6.000,   6.341,   6.007,   6.059,   6.042
     473,   6.027,   6.350,   6.067,   6.045,   6.043
     474,   6.038,   6.420,   6.082,   6.050,   6.068
     475,   6.102,   6.446,   6.107,   6.122,   6.144
     476,   6.169,   6.435,   6.219,   6.219,   6.204
     477,   6.234,   6.498,   6.246,   6.238,   6.227
     478,   6.177,   6.461,   6.241,   6.265,   6.272
     479,   6.258,   6.560,   6.343,   6.328,   6.349
     480,   6.240,   6.575,   6.381,   6.381,   6.376
     481,   6.281,   6.566,   6.366,   6.388,   6.385
     482,   6.324,   6.619,   6.509,   6.392,   6.422
     483,   6.277,   6.517,   6.370,   6.329,   6.339
     484,   6.301,   6.545,   6.449,   6.351,   6.331
     485,   6.293,   6.567,   6.450,   6.383,   6.358
     486,   6.296,   6.569,   6.497,   6.365,   6.374
     487,   6.333,   6.574,   6.497,   6.388,   6.383
     488,   6.315,   6.572,   6.569,   6.358,   6.362
     489,   6.382,   6.610,   6.581,   6.401,   6.417
     490,   6.277,   6.553,   6.559,   6.343,   6.343
     491,   6.405,   6.621,   6.612,   6.402,   6.407
     492,   6.369,   6.586,   6.586,   6.418,   6.418
     493,   6.366,   6.788,   6.734,   6.532,   6.555
     494,   6.459,   6.789,   6.795,   6.566,   6.597
     495,   6.464,   6.794,   6.758,   6.553,   6.588
     496,   6.441,   6.778,   6.770,   6.571,   6.588
     497,   6.448,   6.774,   6.764,   6.581,   6.568
     498,   6.453,   6.869,   6.866,   6.595,   6.571
     499,   6.512,   6.794,   6.788,   6.597,   6.576
     500,   6.495,   6.861,   6.825,   6.569,   6.576
     501,   6.546,   6.807,   6.842,   6.566,   6.558
     502,   6.564,   6.884,   6.847,   6.558,   6.558
     503,   6.561,   6.942,   6.962,   6.639,   6.664
     504,   6.460,   6.892,   6.949,   6.578,   6.570
     505,   6.566,   6.966,   6.997,   6.668,   6.651
     506,   6.571,   6.991,   7.035,   6.709,   6.713
     507,   6.666,   7.077,   7.121,   6.746,   6.753
     508,   6.744,   7.050,   7.059,   6.834,   6.824
     509,   6.793,   7.228,   7.238,   6.987,   6.968
     510,   6.854,   7.195,   7.204,   7.011,   6.973
     511,   6.891,   7.327,   7.264,   7.115,   7.102
     512,   7.046,   7.333,   7.329,   7.189,   7.167
     513,   7.024,   7.311,   7.257,   7.139,   7.082
     514,   6.991,   7.256,   7.288,   7.105,   7.109
     515,   7.109,   7.314,   7.277,   7.096,   7.110
     516,   7.020,   7.216,   7.258,   7.075,   7.069
     517,   7.126,   7.281,   7.282,   7.208,   7.182
     518,   7.024,   7.276,   7.290,   7.136,   7.142
     519,   7.032,   7.371,   7.373,   7.187,   7.188
     520,   7.095,   7.381,   7.413,   7.207,   7.189
     521,   7.181,   7.399,   7.394,   7.259,   7.248
     522,   7.247,   7.514,   7.574,   7.346,   7.353
     523,   7.388,   7.573,   7.554,   7.378,   7.378
     524,   7.490,   7.579,   7.577,   7.407,   7.445
     525,   7.554,   7.575,   7.533,   7.405,   7.437
     526,   7.567,   7.576,   7.551,   7.411,   7.395
     527,   7.703,   7.590,   7.549,   7.384,   7.414
     528,   7.741,   7.595,   7.566,   7.358,   7.425
     529,   7.787,   7.577,   7.565,   7.385,   7.417
     530,   7.734,   7.606,   7.608,   7.409,   7.383
     531,   7.677,   7.583,   7.583,   7.456,   7.473
     532,   7.593,   7.568,   7.592,   7.481,   7.458
     533,   7.598,   7.640,   7.604,   7.517,   7.553
     534,   7.643,   7.667,   7.623,   7.554,   7.566
     535,   7.597,   7.609,   7.616,   7.578,   7.592
     536,   7.679,   7.657,   7.672,   7.667,   7.670
     537,   7.694,   7.646,   7.639,   7.695,   7.693
     538,   7.663,   7.623,   7.610,   7.602,   7.607
     539,   7.870,   7.805,   7.843,   7.781,   7.779
     540,   7.784,   7.769,   7.766,   7.746,   7.784
     541,   7.914,   7.802,   7.789,   7.823,   7.828
     542,   7.793,   7.758,   7.784,   7.804,   7.757
     543,   7.767,   7.800,   7.851,   7.901,   7.839
     544,   7.896,   7.909,   7.937,   7.892,   7.863
     545,   7.896,   7.895,   7.959,   7.936,   7.900
     546,   7.968,   7.963,   7.972,   7.884,   7.882
     547,   7.972,   8.004,   7.992,   7.948,   7.911
     548,   8.011,   8.004,   7.973,   7.962,   7.959
     549,   8.076,   8.049,   8.010,   7.985,   7.990
     550,   8.003,   7.996,   8.007,   7.970,   7.964
     551,   8.113,   8.097,   8.073,   7.995,   7.957
     552,   8.086,   8.076,   8.108,   7.952,   8.001
     553,   8.124,   8.098,   8.108,   8.017,   8.000
     554,   8.079,   8.046,   8.076,   7.970,   7.955
     555,   8.159,   8.200,   8.209,   8.095,   8.086
     556,   8.154,   8.156,   8.143,   8.058,   8.068
     557,   8.219,   8.176,   8.197,   8.106,   8.078
     558,   8.164,   8.142,   8.191,   8.110,   8.114
     559,   8.137,   8.216,   8.182,   8.135,   8.150
     560,   8.243,   8.226,   8.218,   8.301,   8.271
     561,   8.183,   8.193,   8.205,   8.214,   8.184
     562,   8.232,   8.288,   8.300,   8.266,   8.288
     563,   8.223,   8.236,   8.194,   8.185,   8.177
     564,   8.253,   8.255,   8.256,   8.206,   8.238
     565,   8.270,   8.310,   8.426,   8.283,   8.274
     566,   8.326,   8.386,   8.467,   8.392,   8.380
     567,   8.475,   8.405,   8.615,   8.396,   8.399
     568,   8.504,   8.422,   8.608,   8.394,   8.393
     569,   8.471,   8.602,   8.848,   8.594,   8.537
     570,   8.493,   8.538,   8.653,   8.517,   8.502
     571,   8.590,   8.697,   8.802,   8.638,   8.659
     572,   8.615,   8.735,   8.771,   8.629,   8.634
     573,   8.630,   8.714,   8.861,   8.644,   8.616
     574,   8.722,   8.879,   8.998,   8.717,   8.725
     575,   8.736,   8.811,   9.103,   8.649,   8.691
     576,   8.708,   8.801,   9.092,   8.644,   8.679
     577,   8.755,   8.877,   9.069,   8.725,   8.732
     578,   8.768,   8.818,   9.231,   8.701,   8.738
     579,   8.761,   8.891,   9.196,   8.821,   8.766
     580,   8.870,   8.954,   9.324,   8.914,   8.806
     581,   8.840,   8.979,   9.280,   8.800,   8.838
     582,   8.845,   8.930,   9.084,   8.806,   8.787
     583,   8.923,   8.946,   9.086,   8.737,   8.725
     584,   9.025,   9.051,   9.254,   8.892,   8.873
     585,   9.035,   9.072,   9.220,   8.987,   8.998
     586,   9.026,   9.057,   9.358,   9.015,   9.003
     587,   9.115,   9.080,   9.519,   9.070,   9.080
     588,   9.125,   9.119,   9.686,   9.063,   9.041
     589,   9.100,   9.106,   9.547,   9.055,   9.059
     590,   9.129,   9.122,   9.546,   9.113,   9.113
     591,   9.136,   9.118,   9.408,   9.107,   9.095
     592,   9.216,   9.216,   9.517,   9.144,   9.168
     593,   9.145,   9.129,   9.437,   9.076,   9.064
     594,   9.114,   9.094,   9.471,   9.125,   9.090
     595,   9.185,   9.271,   9.663,   9.201,   9.192
     596,   9.210,   9.269,   9.658,   9.214,   9.224
     597,   9.278,   9.307,   9.724,   9.277,   9.272
     598,   9.400,   9.486,   9.824,   9.475,   9.433
     599,   9.333,   9.439,   9.664,   9.402,   9.351
     600,   9.288,   9.433,   9.617,   9.395,   9.392
     601,   9.429,   9.587,   9.845,   9.537,   9.541
     602,   9.406,   9.392,   9.679,   9.373,   9.397
     603,   9.425,   9.295,   9.564,   9.259,   9.247
     604,   9.459,   9.306,   9.552,   9.262,   9.217
     605,   9.463,   9.310,   9.577,   9.186,   9.221
     606,   9.424,   9.254,   9.671,   9.117,   9.147
     607,   9.450,   9.255,   9.763,   9.212,   9.190
     608,   9.368,   9.195,   9.602,   9.215,   9.193
     609,   9.453,   9.294,   9.601,   9.344,   9.357
     610,   9.361,   9.235,   9.458,   9.201,   9.229
     611,   9.462,   9.416,   9.660,   9.330,   9.427
     612,   9.497,   9.417,   9.619,   9.311,   9.366
     613,   9.606,   9.514,   9.665,   9.508,   9.485
     614,   9.530,   9.493,   9.788,   9.399,   9.409
     615,   9.606,   9.537,   9.802,   9.400,   9.428
     616,   9.677,   9.563,   9.912,   9.410,   9.448
     617,   9.764,   9.645,  10.028,   9.506,   9.487
     618,   9.727,   9.625,  10.008,   9.578,   9.566
     619,   9.742,   9.632,   9.896,   9.557,   9.512
     620,   9.699,   9.665,   9.862,   9.528,   9.549
     621,   9.686,   9.593,   9.780,   9.572,   9.570
     622,   9.757,   9.664,   9.954,   9.689,   9.665
     623,   9.795,   9.711,  10.171,   9.807,   9.753
     624,   9.798,   9.730,  10.081,   9.761,   9.755
     625,   9.851,   9.772,  10.140,   9.816,   9.798
     626,   9.861,   9.759,  10.050,   9.787,   9.805
     627,   9.853,   9.710,   9.891,   9.742,   9.758
     628,   9.839,   9.729,  10.001,   9.859,   9.835
     629,   9.980,   9.884,  10.069,   9.819,   9.859
     630,   9.923,   9.821,   9.921,   9.805,   9.862
     631,   9.939,   9.833,  10.013,   9.842,   9.854
     632,   9.969,   9.878,  10.000,   9.908,   9.899
     633,  10.171,  10.064,  10.213,  10.130,  10.114
     634,  10.114,  10.002,  10.270,  10.030,  10.018
     635,  10.204,  10.144,  10.477,  10.144,  10.177
     636,  10.236,  10.131,  10.333,  10.190,  10.171
     637,  10.208,  10.119,  10.316,  10.187,  10.175
     638,  10.205,  10.126,  10.242,  10.130,  10.151
     639,  10.128,  10.050,  10.232,  10.110,  10.180
     640,  10.211,  10.092,  10.230,  10.142,  10.136
     641,  10.205,  10.054,  10.190,  10.127,  10.070
     642,  10.126,  10.162,  10.243,  10.139,  10.141
     643,  10.209,  10.063,  10.341,  10.134,  10.169
     644,  10.210,  10.182,  10.362,  10.127,  10.165
     645,  10.313,  10.213,  10.292,  10.171,  10.224
     646,  10.338,  10.256,  10.403,  10.231,  10.254
     647,  10.423,  10.397,  10.504,  10.415,  10.439
     648,  10.451,  10.611,  10.555,  10.419,  10.529
     649,  10.583,  10.617,  10.530,  10.422,  10.548
     650,  10.679,  10.721,  10.653,  10.520,  10.623
     651,  10.645,  10.693,  10.595,  10.481,  10.543
     652,  10.639,  10.789,  10.692,  10.426,  10.671
     653,  10.675,  10.791,  10.591,  10.395,  10.628
     654,  10.624,  10.839,  10.509,  10.430,  10.625
     655,  10.578,  10.834,  10.549,  10.333,  10.785
     656,  10.542,  10.872,  10.537,  10.316,  10.779
     657,  10.498,  10.859,  10.511,  10.346,  10.829
     658,  10.515,  10.814,  10.551,  10.323,  10.802
     659,  10.550,  10.848,  10.566,  10.437,  10.816
     660,  10.615,  10.938,  10.703,  10.454,  10.901
     661,  10.568,  10.906,  10.746,  10.420,  10.902
     662,  10.630,  10.947,  10.767,  10.404,  10.845
     663,  10.868,  11.125,  10.747,  10.652,  10.840
     664,  10.878,  11.102,  10.699,  10.659,  10.840
     665,  10.912,  11.204,  10.893,  10.766,  10.942
     666,  10.820,  11.155,  10.807,  10.717,  10.979
     667,  10.840,  11.174,  10.837,  10.765,  10.922
     668,  10.843,  11.210,  10.786,  10.749,  10.910
     669,  10.821,  11.211,  10.865,  10.751,  10.956
     670,  10.816,  11.236,  10.849,  10.660,  10.913
     671,  10.802,  11.142,  10.751,  10.595,  10.856
     672,  10.874,  11.195,  10.809,  10.702,  10.882
     673,  10.929,  11.265,  10.870,  10.756,  10.932
     674,  11.012,  11.379,  10.956,  10.881,  11.110
     675,  11.105,  11.357,  10.937,  10.884,  11.090
     676,  11.129,  11.470,  11.048,  10.950,  11.141
     677,  11.092,  11.488,  11.113,  11.035,  11.203
     678,  11.140,  11.584,  11.138,  11.041,  11.247
     679,  11.276,  11.740,  11.293,  11.146,  11.339
     680,  11.401,  11.775,  11.389,  11.240,  11.426
     681,  11.509,  11.953,  11.530,  11.416,  11.582
     682,  11.523,  11.892,  11.531,  11.476,  11.654
     683,  11.518,  11.830,  11.486,  11.426,  11.643
     684,  11.559,  11.857,  11.504,  11.470,  11.600
     685,  11.597,  11.960,  11.593,  11.532,  11.617
     686,  11.640,  12.016,  11.692,  11.629,  11.738
     687,  11.666,  12.070,  11.808,  11.602,  11.717
     688,  11.710,  12.055,  11.725,  11.600,  11.661
     689,  11.709,  12.000,  11.705,  11.640,  11.675
     690,  11.658,  12.017,  11.692,  11.631,  11.714
     691,  11.617,  12.031,  11.740,  11.604,  11.706
     692,  11.654,  11.994,  11.684,  11.550,  11.657
     693,  11.938,  12.272,  11.920,  11.753,  11.854
     694,  11.950,  12.273,  11.917,  11.797,  11.798
     695,  11.960,  12.286,  12.025,  11.723,  11.805
     696,  12.020,  12.309,  11.916,  11.783,  11.797
     697,  12.066,  12.388,  11.984,  11.900,  11.894
     698,  12.066,  12.479,  11.965,  11.939,  11.988
     699,  11.952,  12.438,  11.919,  11.834,  11.953
     700,  11.960,  12.486,  11.961,  11.893,  12.029
     701,  11.958,  12.571,  12.130,  11.947,  12.075
     702,  12.122,  12.596,  12.119,  11.943,  12.129
     703,  12.029,  12.657,  12.130,  11.913,  12.194
     704,  12.079,  12.676,  11.989,  11.919,  12.209
     705,  12.193,  12.677,  12.009,  11.940,  12.282
     706,  12.181,  12.694,  12.121,  11.944,  12.222
     707,  12.196,  12.775,  12.123,  12.071,  12.312
     708,  12.227,  12.940,  12.154,  12.102,  12.329
     709,  12.319,  12.928,  12.384,  12.184,  12.389
     710,  12.335,  12.980,  12.398,  12.214,  12.465
     711,  12.293,  12.961,  12.536,  12.189,  12.524
     712,  12.369,  13.036,  12.387,  12.223,  12.441
     713,  12.340,  12.979,  12.366,  12.247,  12.563
     714,  12.278,  12.919,  12.355,  12.310,  12.547
     715,  12.300,  12.938,  12.377,  12.296,  12.426
     716,  12.290,  12.955,  12.356,  12.165,  12.411
     717,  13.302,  14.003,  13.430,  13.231,  13.581
     718,  13.093,  13.779,  13.226,  13.058,  13.303
     719,  13.019,  13.741,  13.122,  12.895,  13.250
     720,  13.185,  13.831,  13.202,  13.047,  13.402
     721,  13.057,  13.764,  13.165,  13.011,  13.327
     722,  13.206,  13.808,  13.321,  13.063,  13.364
     723,  13.151,  13.870,  13.328,  13.093,  13.317
     724,  13.119,  13.745,  13.293,  13.064,  13.362
     725,  13.200,  13.654,  13.232,  13.039,  13.354
     726,  13.352,  13.818,  13.410,  13.117,  13.532
     727,  13.311,  13.743,  13.335,  13.123,  13.398
     728,  13.445,  13.789,  13.348,  13.260,  13.526
     729,  13.381,  13.978,  13.424,  13.458,  13.587
     730,  13.397,  13.877,  13.432,  13.286,  13.629
     731,  13.539,  13.868,  13.619,  13.340,  13.614
     732,  13.485,  13.836,  13.472,  13.296,  13.652
     733,  13.385,  13.913,  13.667,  13.335,  13.705
     734,  13.813,  14.167,  13.858,  13.611,  14.033
     735,  13.769,  14.071,  13.737,  13.648,  13.931
     736,  13.796,  14.176,  13.747,  13.694,  13.976
     737,  13.841,  14.147,  13.832,  13.694,  14.036
     738,  13.604,  14.061,  13.751,  13.651,  13.944
     739,  13.664,  14.100,  13.947,  13.662,  14.067
     740,  13.625,  14.115,  13.892,  13.630,  13.897
     741,  13.623,  14.097,  13.809,  13.592,  13.897
     742,  13.662,  14.236,  13.705,  13.667,  14.067
     743,  13.894,  14.407,  14.028,  13.991,  14.138
     744,  13.723,  14.235,  14.083,  13.852,  14.004
     745,  13.871,  14.231,  14.019,  13.853,  14.123
     746,  13.954,  14.290,  14.165,  13.791,  14.233
     747,  13.801,  14.283,  14.154,  13.822,  14.202
     748,  13.771,  14.196,  13.908,  13.791,  14.126
     749,  13.886,  14.388,  13.951,  13.849,  14.173
     750,  13.924,  14.342,  14.056,  14.062,  14.280
     751,  13.844,  14.230,  13.972,  13.896,  14.194
     752,  13.861,  14.221,  14.115,  13.896,  14.278
     753,  13.997,  14.393,  14.216,  13.961,  14.366
     754,  13.928,  14.333,  14.111,  13.912,  14.425
     755,  13.893,  14.487,  14.127,  13.983,  14.483
     756,  14.056,  14.412,  14.134,  14.104,  14.448
     757,  14.056,  14.523,  14.213,  14.278,  14.447
     758,  14.295,  14.676,  14.468,  14.397,  14.787
     759,  14.170,  14.556,  14.414,  14.264,  14.820
     760,  14.235,  14.628,  14.482,  14.260,  14.778
     761,  14.252,  14.749,  14.456,  14.336,  14.822
     762,  14.303,  14.896,  14.361,  14.331,  14.665
     763,  14.335,  14.792,  14.378,  14.288,  14.658
     764,  14.452,  14.779,  14.619,  14.467,  14.825
     765,  14.468,  14.843,  14.695,  14.373,  14.830
     766,  14.366,  14.786,  14.430,  14.339,  14.918
     767,  14.335,  14.856,  14.450,  14.410,  14.767
     768,  14.284,  14.876,  14.382,  14.271,  14.765
     769,  14.270,  15.131,  14.505,  14.386,  14.782
     770,  14.521,  15.010,  14.630,  14.504,  14.799
     771,  14.533,  14.856,  14.611,  14.409,  14.995
     772,  14.569,  14.939,  14.702,  14.461,  15.111
     773,  14.415,  15.051,  14.641,  14.458,  14.894
     774,  14.508,  15.046,  14.707,  14.564,  15.007
     775,  14.450,  15.057,  14.681,  14.610,  14.962
     776,  14.854,  15.190,  14.856,  14.715,  15.112
     777,  14.940,  15.185,  14.843,  14.758,  15.231
     778,  14.701,  15.054,  14.797,  14.613,  15.087
     779,  14.613,  15.077,  14.677,  14.573,  15.139
     780,  14.550,  15.198,  14.671,  14.561,  15.087
     781,  14.578,  15.249,  14.768,  14.716,  15.090
     782,  15.093,  15.600,  15.176,  15.082,  15.411
     783,  15.257,  15.419,  15.182,  15.139,  15.397
     784,  15.345,  15.488,  15.424,  15.074,  15.408
     785,  15.322,  15.705,  15.410,  15.140,  15.509
     786,  15.212,  15.747,  15.313,  15.195,  15.467
     787,  15.090,  15.551,  15.288,  15.119,  15.486
     788,  15.205,  15.767,  15.423,  15.317,  15.547
     789,  15.362,  15.727,  15.299,  15.397,  15.569
     790,  15.310,  15.749,  15.365,  15.277,  15.555
     791,  15.381,  15.955,  15.569,  15.410,  15.810
     792,  15.258,  15.900,  15.364,  15.303,  15.615
     793,  15.313,  15.998,  15.458,  15.348,  15.713
     794,  15.428,  16.060,  15.534,  15.445,  15.676
     795,  15.612,  15.905,  15.541,  15.549,  15.679
     796,  15.697,  15.963,  15.612,  15.433,  15.808
     797,  15.515,  16.152,  15.508,  15.509,  15.798
     798,  15.383,  16.191,  15.388,  15.344,  15.701
     799,  15.377,  16.158,  15.480,  15.407,  15.861
     800,  15.472,  16.328,  15.468,  15.427,  15.847
     801,  15.805,  16.315,  15.719,  15.562,  15.990
     802,  15.761,  16.154,  15.532,  15.436,  15.898
     803,  15.520,  16.379,  15.753,  15.519,  16.014
     804,  15.505,  16.325,  15.554,  15.380,  15.693
     805,  15.566,  16.232,  15.470,  15.585,  15.807
     806,  16.006,  16.601,  15.867,  15.978,  15.840
     807,  15.979,  16.405,  15.803,  15.897,  15.826
     808,  16.016,  16.530,  15.943,  15.817,  15.964
     809,  15.801,  16.541,  16.104,  15.950,  16.008
     810,  15.912,  16.609,  16.107,  15.919,  15.941
     811,  15.900,  16.664,  16.074,  16.146,  16.001
     812,  16.203,  16.674,  16.098,  16.158,  16.009
     813,  16.208,  16.766,  16.026,  15.996,  15.990
     814,  16.117,  16.797,  16.004,  15.985,  16.026
     815,  15.952,  16.822,  15.959,  16.032,  15.912
     816,  15.848,  16.735,  16.040,  15.965,  15.912
     817,  15.965,  16.802,  16.074,  16.195,  16.061
     818,  16.119,  16.866,  16.313,  16.191,  16.228
     819,  16.011,  16.712,  16.178,  15.965,  16.145
     820,  16.220,  16.886,  16.227,  16.149,  16.173
     821,  16.075,  16.840,  16.325,  16.262,  16.246
     822,  16.193,  16.727,  16.208,  16.252,  16.248
     823,  16.206,  16.840,  16.236,  16.354,  16.253
     824,  16.371,  16.831,  16.432,  16.304,  16.245
     825,  16.626,  16.869,  16.443,  16.205,  16.280
     826,  16.354,  16.878,  16.330,  16.153,  16.283
     827,  16.229,  16.894,  16.477,  16.193,  16.271
     828,  16.197,  16.838,  16.571,  16.251,  16.271
     829,  16.448,  16.989,  16.608,  16.640,  16.398
     830,  16.821,  17.144,  16.902,  16.671,  16.633
     831,  16.749,  17.444,  16.746,  16.666,  16.609
     832,  16.914,  17.481,  16.760,  16.687,  16.722
     833,  16.730,  17.280,  16.986,  16.700,  16.801
     834,  16.739,  17.166,  16.745,  16.795,  16.635
     835,  17.025,  17.265,  17.049,  17.021,  16.904
     836,  17.046,  17.385,  16.938,  16.914,  16.838
     837,  17.088,  17.487,  17.014,  16.885,  17.090
     838,  17.050,  17.247,  16.870,  16.767,  16.789
     839,  16.849,  17.218,  17.132,  16.796,  16.846
     840,  16.815,  17.252,  16.915,  16.829,  16.932
     841,  16.854,  17.225,  16.899,  16.845,  16.987
     842,  17.305,  17.537,  17.179,  16.924,  17.142
     843,  17.108,  17.518,  17.057,  16.908,  17.088
     844,  16.979,  17.384,  16.925,  16.793,  16.887
     845,  16.888,  17.314,  16.984,  16.912,  16.974
     846,  16.837,  17.386,  17.062,  16.946,  16.947
     847,  17.004,  17.418,  17.021,  16.847,  16.918
     848,  17.134,  17.549,  17.164,  16.880,  17.101
     849,  17.097,  17.619,  17.201,  17.088,  17.127
     850,  16.991,  17.567,  17.239,  17.245,  17.049
     851,  17.009,  17.432,  17.083,  17.217,  16.954
     852,  17.143,  17.405,  17.121,  16.959,  16.949
     853,  17.188,  17.499,  17.031,  16.935,  17.027
     854,  17.481,  17.905,  17.507,  17.366,  17.731
     855,  17.375,  17.793,  17.491,  17.405,  17.370
     856,  17.379,  17.786,  17.660,  17.551,  17.442
     857,  17.629,  17.852,  17.437,  17.489,  17.327
     858,  17.483,  17.983,  17.434,  17.313,  17.369
     859,  17.497,  17.975,  17.673,  17.422,  17.475
     860,  17.617,  18.093,  17.623,  17.499,  17.619
     861,  17.521,  17.943,  17.602,  17.439,  17.361
     862,  17.430,  17.916,  17.516,  17.474,  17.324
     863,  17.369,  17.963,  17.451,  17.458,  17.514
     864,  17.449,  18.017,  17.291,  17.267,  17.328
     865,  17.641,  17.984,  17.700,  17.514,  17.580
     866,  17.545,  17.880,  17.466,  17.401,  17.540
     867,  17.269,  17.737,  17.366,  17.245,  17.290
     868,  17.707,  17.978,  17.666,  17.488,  17.505
     869,  17.572,  18.011,  17.479,  17.429,  17.548
     870,  17.720,  18.084,  17.656,  17.557,  17.624
     871,  17.583,  18.049,  17.823,  17.531,  17.563
     872,  17.559,  17.900,  17.696,  17.570,  17.663
     873,  17.764,  18.213,  17.749,  17.818,  17.658
     874,  17.918,  18.244,  17.908,  17.772,  17.794
     875,  18.010,  18.177,  17.747,  17.740,  17.883
     876,  17.934,  18.105,  17.990,  17.939,  17.875
     877,  17.898,  18.020,  18.004,  17.877,  17.861
     878,  18.136,  18.675,  18.285,  18.204,  18.228
     879,  18.414,  18.580,  18.498,  18.269,  18.338
     880,  18.327,  18.652,  18.594,  18.233,  18.490
     881,  18.400,  18.660,  18.569,  18.317,  18.375
     882,  18.321,  18.741,  18.582,  18.456,  18.425
     883,  18.337,  18.749,  18.426,  18.356,  18.514
     884,  18.718,  18.947,  18.534,  18.595,  18.646
     885,  18.928,  18.884,  18.746,  18.539,  18.725
     886,  18.728,  18.904,  18.434,  18.502,  18.453
     887,  18.480,  18.917,  18.546,  18.431,  18.398
     888,  18.394,  18.766,  18.659,  18.434,  18.387
     889,  18.444,  18.926,  18.549,  18.437,  18.308
     890,  18.703,  18.975,  18.766,  18.720,  18.756
     891,  18.475,  18.963,  18.721,  18.533,  18.626
     892,  18.462,  19.078,  18.742,  18.731,  18.581
     893,  18.331,  19.022,  18.699,  18.730,  18.466
     894,  18.273,  19.122,  18.574,  18.596,  18.539
     895,  18.608,  19.071,  18.607,  18.517,  18.617
     896,  18.479,  19.075,  18.692,  18.488,  18.553
     897,  18.396,  19.184,  18.668,  18.479,  18.483
     898,  18.402,  19.184,  18.810,  18.579,  18.610
     899,  18.657,  19.127,  18.636,  18.751,  18.588
     900,  18.742,  19.079,  18.586,  18.613,  18.711
     901,  18.880,  19.247,  19.130,  19.035,  19.069
     902,  19.387,  19.613,  19.339,  19.203,  19.231
     903,  19.003,  19.642,  19.406,  19.191,  19.076
     904,  19.184,  19.796,  19.205,  19.180,  19.368
     905,  19.234,  19.710,  19.220,  19.183,  19.112
     906,  19.352,  19.742,  19.406,  19.318,  19.203
     907,  19.316,  19.965,  19.393,  19.352,  19.294
     908,  19.155,  19.978,  19.466,  19.228,  19.221
     909,  19.527,  19.999,  19.543,  19.349,  19.441
     910,  19.410,  19.940,  19.376,  19.384,  19.343
     911,  19.580,  19.906,  19.366,  19.275,  19.472
     912,  19.477,  20.106,  19.466,  19.289,  19.220
     913,  19.293,  19.984,  19.458,  19.334,  19.302
     914,  19.597,  20.002,  19.470,  19.372,  19.552
     915,  19.643,  20.220,  19.502,  19.358,  19.488
     916,  19.537,  19.952,  19.667,  19.473,  19.525
     917,  19.791,  20.173,  19.850,  19.525,  19.464
     918,  19.610,  20.020,  19.699,  19.513,  19.432
     919,  19.785,  20.027,  19.651,  19.537,  19.648
     920,  20.015,  20.145,  19.772,  19.739,  19.660
     921,  19.686,  20.173,  19.625,  19.540,  19.544
     922,  19.758,  20.425,  20.035,  19.655,  19.748
     923,  19.742,  20.244,  20.009,  19.782,  19.652
     924,  19.761,  20.144,  19.842,  19.717,  19.809
     925,  19.841,  20.028,  19.623,  19.574,  19.537
     926,  20.260,  20.885,  20.163,  20.463,  20.226
     927,  20.050,  20.667,  20.128,  20.115,  20.213
     928,  20.258,  20.672,  20.225,  20.036,  20.213
     929,  20.377,  20.615,  20.234,  20.206,  20.203
     930,  20.347,  20.376,  20.286,  20.330,  20.256
     931,  20.334,  20.899,  20.246,  20.329,  20.148
     932,  20.075,  20.865,  20.369,  20.157,  20.212
     933,  20.169,  20.767,  20.312,  20.323,  20.294
     934,  20.134,  20.524,  20.134,  20.092,  20.330
     935,  20.174,  20.563,  20.038,  20.360,  20.230
     936,  20.215,  21.026,  20.170,  20.260,  20.038
     937,  20.372,  21.169,  20.725,  20.365,  20.518
     938,  20.193,  20.892,  20.231,  20.164,  20.501
     939,  20.375,  20.624,  20.282,  20.063,  20.286
     940,  20.207,  20.818,  20.324,  20.529,  20.293
     941,  20.126,  21.042,  20.352,  20.245,  20.158
     942,  20.221,  20.710,  20.364,  20.031,  20.211
     943,  20.370,  20.724,  20.262,  20.105,  20.233
     944,  20.491,  20.879,  20.378,  20.304,  20.234
     945,  20.467,  21.117,  20.491,  20.560,  20.449
     946,  20.298,  21.182,  20.634,  20.402,  20.452
     947,  20.537,  21.013,  20.447,  20.240,  20.482
     948,  20.625,  20.847,  20.394,  20.443,  20.451
     949,  20.652,  21.265,  20.856,  20.727,  20.509
     950,  20.804,  21.447,  21.247,  21.069,  20.901
     951,  20.767,  21.436,  21.260,  20.665,  20.893
     952,  20.880,  21.496,  21.144,  20.909,  21.263
     953,  21.102,  21.530,  21.051,  21.034,  21.050
     954,  21.282,  21.665,  21.078,  21.211,  21.008
     955,  21.242,  21.534,  21.223,  21.236,  21.208
     956,  21.171,  21.526,  21.149,  21.069,  21.251
     957,  21.210,  21.677,  21.126,  21.347,  21.572
     958,  21.285,  22.149,  21.193,  21.233,  21.043
     959,  21.152,  21.629,  21.572,  21.463,  21.293
     960,  21.325,  21.792,  21.420,  21.380,  21.428
     961,  21.457,  21.638,  21.702,  21.578,  21.772
     962,  21.707,  21.777,  21.774,  21.821,  21.462
     963,  21.636,  21.741,  21.981,  21.927,  21.552
     964,  21.630,  21.844,  21.993,  21.605,  21.655
     965,  21.936,  21.593,  21.783,  21.572,  21.723
     966,  21.691,  21.812,  21.807,  21.751,  21.913
     967,  21.974,  21.865,  22.044,  21.874,  21.718
     968,  21.930,  21.811,  22.223,  21.908,  21.797
     969,  21.825,  21.924,  22.082,  21.798,  21.884
     970,  21.825,  21.857,  22.116,  21.791,  21.768
     971,  21.836,  22.113,  22.254,  21.822,  21.791
     972,  22.216,  22.370,  22.730,  22.240,  22.097
     973,  22.066,  22.460,  22.346,  21.989,  22.147
     974,  21.993,  22.549,  22.264,  22.187,  22.154
     975,  21.884,  22.525,  22.672,  22.168,  22.112
     976,  22.271,  22.503,  23.054,  22.198,  22.241
     977,  22.131,  22.346,  22.589,  22.161,  22.350
     978,  22.020,  22.560,  22.310,  22.175,  22.226
     979,  22.122,  22.530,  22.428,  22.083,  22.137
     980,  22.033,  22.636,  22.763,  22.089,  22.046
     981,  22.545,  22.660,  23.078,  22.390,  22.516
     982,  22.986,  22.780,  22.846,  22.668,  22.772
     983,  22.466,  22.777,  22.796,  22.502,  22.427
     984,  22.794,  23.021,  23.153,  22.613,  22.372
     985,  22.700,  22.701,  23.332,  22.553,  22.476
     986,  22.841,  22.935,  22.822,  22.441,  22.605
     987,  22.427,  23.058,  22.927,  22.882,  22.583
     988,  22.380,  23.045,  23.031,  22.780,  22.387
     989,  22.858,  22.788,  23.023,  22.497,  22.485
     990,  22.818,  22.888,  23.002,  22.372,  22.811
     991,  22.436,  22.921,  22.985,  22.778,  22.494
     992,  22.470,  23.260,  23.215,  22.567,  22.400
     993,  22.753,  22.940,  23.239,  22.552,  22.629
     994,  22.564,  23.148,  23.115,  22.402,  22.690
     995,  22.588,  23.366,  23.089,  22.668,  22.720
     996,  22.718,  23.649,  23.451,  22.738,  22.736
     997,  23.002,  23.400,  23.729,  22.828,  23.070
     998,  22.691,  23.463,  23.477,  22.619,  22.948
     999,  22.965,  23.644,  23.689,  22.715,  22.883
